Workbook

Sheet TIPO A Comienzo
B18: OBSERVACIONES

Sheet TIPO A 1ªS
C2: OK | D2: CORRECTO
C3: NOK | D3: INCORRECTO
C4: -
C5: TRIMESTRE | G5: SUB- APARTADO | L5: Referencia del hallazgo (anotar desviación) | Q5: Punto a Mejorar (anotar sugerencia)
A6: APARTADO | C6: T1 | D6: T2 | E6: T3 | F6: T4 | X6: 0 | Y6: 9
A7: 1.1 | B7: MATERIALES | C7: OK | G7: Consumibles | X7: 1 | Y7: 8
C8: OK | G8: Materia Prima | X8: 2 | Y8: 8
C9: OK | G9: Producto acabado o en proceso | X9: 3 | Y9: 8
G10: Otros (Indicar cuál) | X10: 4 | Y10: 7
A11: 1.2 | B11: MÁQUINAS Y EQUIPOS | C11: OK | G11: Máquinas (Inducción, bombeo, apriete, engrase…) | X11: 5 | Y11: 7
C12: OK | G12: Utillajes (volteo, apoyo, montaje…) | X12: 6 | Y12: 7
C13: OK | G13: Equipos y accesorios de Elevación (Grúas, eslingas, cáncamos, cables, grilletes…) | X13: 7 | Y13: 7
C14: OK | G14: Equipos de transporte (Carretillas, transpaletas,plataformas elevadoras, vehículos…) | X14: 8 | Y14: 6
C15: OK | G15: Equipos de ensayo (galgas, testers, banco de pruebas…) | N15: Sobran cajas de elementos de medida (calibre…etc) | Q15: Definir panel de herramienta | X15: 9 | Y15: 6
C16: OK | G16: Herramientas de ensamblaje | X16: 10 | Y16: 6
C17: OK | G17: EQUIPOS INFORMATICOS | X17: 11 | Y17: 6
A18: 1.3 | B18: TRANSPORTE Y ALMACENAJE | C18: OK | G18: Contenedores vacios, cajas, bidones, botes, cubos… | X18: 12 | Y18: 5
C19: OK | G19: Pallets u otros elementos de apoyo, tacos | X19: 13 | Y19: 5
C20: OK | G20: Bolsas, plásticos , protecciones, elementos de flejado | X20: 14 | Y20: 5
C21: OK | G21: Productos de limpieza, paños, escobas… | X21: 15 | Y21: 4
G22: Otros (Indicar cuál) | X22: 16 | Y22: 4
A23: 1.4 | B23: MOBILIARIO | C23: OK | G23: Bancos de trabajo | X23: 17 | Y23: 4
C24: OK | G24: Paneles herramienta | X24: 18 | Y24: 3
C25: OK | G25: Armarios o taquillas | X25: 19 | Y25: 3
C26: OK | G26: Sillas, mesas | X26: 20 | Y26: 3
C27: OK | G27: Paneles u otros soportes para información | X27: 21 | Y27: 2
G28: Otros (Indicar cuál) | X28: 22 | Y28: 2
A29: 1.5 | B29: INFORMACIÓN | C29: OK | G29: Planos o Instrucciones de trabajo | X29: 23 | Y29: 2
C30: OK | G30: Posters u otra información divulgativa | X30: 24 | Y30: 1
C31: OK | G31: Gráficos o indicadores | X31: 25 | Y31: 1
C32: OK | G32: Carpetas o bandejas con documentación innecesaria | X32: 26 | Y32: 0
G33: Otros (Indicar cuál)
A35: A | B35: TOTAL NOK | C35: =COUNTIF(C7:C33,"NOK") -> 0 | D35: =COUNTIF(D7:D33,"NOK") -> 0 | E35: =COUNTIF(E7:E33,"NOK") -> 0 | F35: =COUNTIF(F7:F33,"NOK") -> 0 | H35: Mejora:
B36: PUNTUACIÓN | C36: =VLOOKUP(C35,$X$6:$Y$32,2,FALSE) -> 9 | D36: =VLOOKUP(D35,$X$6:$Y$32,2,FALSE) -> 9 | E36: =VLOOKUP(E35,$X$6:$Y$32,2,FALSE) -> 9 | F36: =VLOOKUP(F35,$X$6:$Y$32,2,FALSE) -> 9
A37: B | B37: MEJORAS
B39: Resultado % | C39: =(C36+(C37*0.25))*10 -> 90 | D39: =(D36+(D37*0.25))*10 -> 90 | E39: =(E36+(E37*0.25))*10 -> 90 | F39: =(F36+(F37*0.25))*10 -> 90

Sheet TIPO A 2ªS
C2: OK | D2: CORRECTO
C3: NOK | D3: INCORRECTO
C5: TRIMESTRE | G5: SUB- APARTADO | L5: Referencia del hallazgo (anotar desviación) | Q5: Punto a Mejorar (anotar sugerencia)
A6: APARTADO | C6: T1 | D6: T2 | E6: T3 | F6: T4 | X6: 0 | Y6: 9
A7: 2.1 | B7: EQUIPOS Y MÁQUINAS | C7: NOK | G7: Los equipos y máquinas están identificados con su número de equipo correspondiente | L7: 1230759 | N7: Pistola soldadura sin identificar. No hay ningún tipo de identificación en maquinas externas a las máquinas. | Q7: Trazar las máquinas según criterio. De igual manera también marcar fecha mantenimiento. | X7: 1 | Y7: 8
G8: La identificación anterior es visible (no es necesario manipular partes del equipo) | X8: 2 | Y8: 8
G9: Otros (Indicar cuál) | X9: 3 | Y9: 8
A10: 2.2 | B10: PASILLOS Y LUGARES DE UBICACIÓN | G10: Los pasillos y zonas de trabajo delimitados claramente | N10: No está totalmente implantado. Pendiente en plan de acción | X10: 4 | Y10: 7
G11: Cuando algo falta, ¿todo el mundo sabe lo que falta? Todos puede reconocer donde deben ubicarse. | X11: 5 | Y11: 7
G12: Los pallets de entrada y salida de material | X12: 6 | Y12: 7
G13: Los equipos móviles (escaleras, transpaletas, carros, utillajes sobre ruedas) | X13: 7 | Y13: 7
G14: Los medios de transporte (transpaletas, platafomas, carretillas, coches, camiones…) | X14: 8 | Y14: 6
G15: Las herramientas cuentan con ubicaciones señalizadas inequivocamente (sistemas poka-yoke, siluetas, etiquetas identificativas) | N15: El criterio actual es el de agrupaje para pasar seguidamente a pocayoque con la mejora continua. | X15: 9 | Y15: 6
G16: Consumibles | X16: 10 | Y16: 6
A17: 2.3 | B17: SEÑALIZACIÓN | G17: Están señalizados de forma visible e inequívoca los mandos de maniobra de los equipos y máquinas (sentido de movimiento, on/off, stop, parada de emergencia…) | X17: 11 | Y17: 6
G18: Se puede reconocer cuando las máquinas están en tensión (con señal lumisosa tipo led o similar) | X18: 12 | Y18: 5
G19: Existe señalización de peligro cuando las máquinas están en funcionamiento (luz rotatoria luminosa, señal destellante, aviso sonoro, balizamiento o cartel advertencia) | X19: 13 | Y19: 5
C20: NOK | G20: La señalización del lugar es adecuada y visible desde todos los puntos (en especial la relativa a medios de extinción y vías de evacuación) | L20: 1230760 | N20: Desde algunos puntos no se ve donde estan los extintores | Q20: Colocar señalización mas alta. | X20: 14 | Y20: 5
G21: Otros (Indicar cuál) | X21: 15 | Y21: 4
A22: 2.4 | B22: STOCKS DE MATERIAL | G22: Están identificados los materiales en el área de trabajo? | X22: 16 | Y22: 4
G23: Las etiquetas identificativas están en buenas condiciones, son claras y visibles | X23: 17 | Y23: 4
C24: NOK | G24: La identificación informa acerca del cliente y proveedor | L24: 1230761 | N24: El material de cajas que lleva un tratamiento de humedecido no se sabe si esta tratado o no. No se sabe que material es. | X24: 18 | Y24: 3
G25: La identificación contiene la denominación del material, referencia o artículo | X25: 19 | Y25: 3
G26: Es correcta la información, coincide esta con el material al que identifican y su ubicación | X26: 20 | Y26: 3
G27: Otros (Indicar cuál) | X27: 21 | Y27: 2
X28: 22 | Y28: 2
A29: A | B29: TOTAL NOK | C29: =COUNTIF(C7:C27,"NOK") -> 3 | D29: =COUNTIF(D1:D27,"NOK") -> 0 | E29: =COUNTIF(E1:E27,"NOK") -> 0 | F29: =COUNTIF(F1:F27,"NOK") -> 0 | H29: Mejora: | X29: 23 | Y29: 2
B30: PUNTUACIÓN | C30: =VLOOKUP(C29,$X$6:$Y$32,2,FALSE) -> 8 | D30: =VLOOKUP(D29,$X$6:$Y$32,2,FALSE) -> 9 | E30: =VLOOKUP(E29,$X$6:$Y$32,2,FALSE) -> 9 | F30: =VLOOKUP(F29,$X$6:$Y$32,2,FALSE) -> 9 | X30: 24 | Y30: 1
A31: B | B31: MEJORAS | X31: 25 | Y31: 1
X32: 26 | Y32: 0
B33: Resultado % | C33: =(C30+(C31*0.25))*10 -> 80 | D33: =(D30+(D31*0.25))*10 -> 90 | E33: =(E30+(E31*0.25))*10 -> 90 | F33: =(F30+(F31*0.25))*10 -> 90

Sheet TIPO A 3ªS
C2: OK | D2: CORRECTO
C3: NOK | D3: INCORRECTO
C5: TRIMESTRE | G5: SUB- APARTADO | L5: Referencia del hallazgo (anotar desviación) | Q5: Punto a Mejorar (anotar sugerencia)
A6: APARTADO | C6: T1 | D6: T2 | E6: T3 | F6: T4 | X6: 0 | Y6: 9
A7: 3.1 | B7: MÁQUINAS O PUESTOS DE TRABAJO | C7: NOK | G7: Máquinas herramienta o grandes utillajes anclados al suelo (volteo o anclaje de piezas para ensamblar) | L7: 1230756 1230754 1230750 1230749 | N7: Hay manchas de aceite debajo de las máquinas que provienen del engrase según proceso | Q7: Revisar cantidad de aceite aplicado. Si no es suficiente dotar de recipiente de recogida | X7: 1 | Y7: 8
C8: OK | G8: Bancos de trabajo o de pruebas | X8: 2 | Y8: 8
C9: OK | G9: Grúas, carretillas y otros vehículos móviles | X9: 3 | Y9: 8
C10: OK | G10: Andamios | X10: 4 | Y10: 7
C11: OK | G11: Mesas, taburetes, sillas | N11: Las sillas del area de trabajo estan dañadas | Q11: Cambiar/reparar. | X11: 5 | Y11: 7
C12: OK | G12: Otros (Indicar cuál) | X12: 6 | Y12: 7
A13: 3.2 | B13: ENTORNO DE TRABAJO | C13: OK | G13: Suelos | X13: 7 | Y13: 7
C14: OK | G14: Paredes, columnas, techos, ventanas, puertas, alfeizares… | X14: 8 | Y14: 6
C15: OK | G15: Paneles informativos y de gestión operativa (producción, indicadores…) | X15: 9 | Y15: 6
C16: OK | G16: Otros (Indicar cuál) | X16: 10 | Y16: 6
A17: 3.3 | B17: HERRAMIENTAS Y EQUIPOS | C17: OK | G17: Están limpias las herramientas? Se pueden manipular sin mancharse? (no hay restos de grasas, silicona, pintura seca..) | X17: 11 | Y17: 6
C18: NOK | G18: Los equipos de trabajo, bombas de apriete, útiles... | L18: 1230752 | N18: Hay fuga de aceites en el equipo de lubicación de aire. | Q18: Analizar causa raiz y eliminar | X18: 12 | Y18: 5
C19: OK | G19: Están limpios los equipos y accesorios de elevación | X19: 13 | Y19: 5
C20: OK | G20: Se mantienen límpio el equipamiento en el interior de los armarios y/o cajones, incluso si no se está usando | X20: 14 | Y20: 5
C21: OK | G21: Otros (Indicar cuál) | X21: 15 | Y21: 4
A22: 3.4 | B22: MANTENER LIMPIO | C22: NOK | G22: ¿Se sabe quién debe limpiar, cuándo y dónde? | L22: 1230755 | N22: Se sabe quien y cuando pero no QUÉ? Que actividaes conlleva la limpieza. | Q22: Realizar check-list de limpieza definiendo actividad/frecuencia/responsable | X22: 16 | Y22: 4
C23: OK | G23: ¿Cubre las necesidades de la zona? (tener en cuenta el resultado en los puntos anteriores) | X23: 17 | Y23: 4
C24: OK | G24: ¿Se realiza la limpieza según lo planificado? (frecuencia, dedicación de tiempo, etc..) | X24: 18 | Y24: 3
C25: OK | G25: Están limpios los Equipos de Protección Individual EPI (gafas, protección respiratoria, cascos, guantes…) | X25: 19 | Y25: 3
C26: OK | G26: Se evidencia una tendencia a manchar menos en la rutina del trabajo diario (la ropa de trabajo se mantiene limpia, no se dejan huellas en superficies limpias, se limpia cuando se ensucia, no hay basura en lugares de paso…) | X26: 20 | Y26: 3
C27: OK | G27: Otros (Indicar cuál) | X27: 21 | Y27: 2
A28: 3.5 | B28: KIT DE LIMPIEZA | C28: OK | G28: Hay un kit de limpieza básico disponible en la zona? | X28: 22 | Y28: 2
C29: OK | G29: Es adecuado el kit de limpieza al tipo de suciedad y superficies a limpiar? (desengrasante si hay que limpiar grasa, escoba si hay que barrer…) | X29: 23 | Y29: 2
C30: OK | G30: La cantidad de contenedores es adecuada a los residuos generados, estos no están excesivamente llenos (tapa cerrada) ni hay basura fuera del contenedor. | X30: 24 | Y30: 1
C31: NOK | G31: Se realiza una recogida selectiva de los residuos (como mínimo los residuos peligrosos deben estar separados de los residuos inertes) | L31: 1230722 | N31: No hay una separación de carton /plastico en la zona. | Q31: Estudiar el poder eliminar la entrada de esos residuos. | X31: 25 | Y31: 1
C32: OK | G32: Otros (Indicar cuál) | X32: 26 | Y32: 0
A34: A | B34: TOTAL NOK | C34: =COUNTIF(C7:C32,"NOK") -> 4 | D34: =COUNTIF(D7:D32,"NOK") -> 0 | E34: =COUNTIF(E7:E32,"NOK") -> 0 | F34: =COUNTIF(F7:F32,"NOK") -> 0 | H34: Mejora: Recuperación de chatarra por tipo de material integrada en proceso.
B35: PUNTUACIÓN | C35: =VLOOKUP(C34,$X$6:$Y$32,2,FALSE) -> 7 | D35: =VLOOKUP(D34,$X$6:$Y$32,2,FALSE) -> 9 | E35: =VLOOKUP(E34,$X$6:$Y$32,2,FALSE) -> 9 | F35: =VLOOKUP(F34,$X$6:$Y$32,2,FALSE) -> 9
A36: B | B36: MEJORAS | C36: 1
B38: Resultado % | C38: =(C35+(C36*0.25))*10 -> 72.5 | D38: =(D35+(D36*0.25))*10 -> 90 | E38: =(E35+(E36*0.25))*10 -> 90 | F38: =(F35+(F36*0.25))*10 -> 90

Sheet TIPO A 4ªS
C2: OK | D2: CORRECTO
C3: NOK | D3: INCORRECTO
C5: TRIMESTRE | G5: SUB- APARTADO | L5: Referencia del hallazgo (anotar desviación) | Q5: Punto a Mejorar (anotar sugerencia)
A6: APARTADO | C6: T1 | D6: T2 | E6: T3 | F6: T4 | X6: 0 | Y6: 9
A7: 4.1 | B7: ESTANDARIZACIÓN | C7: OK | G7: Se respetan los estándares globales en cuanto a marcaje y uso en Suelos | N7: Hay una inconcluencia con el color verde y azul. El material azul no es conforme? | Q7: Se recomienda separar los tipos de materiales entre materia prima y en proceso. | X7: 1 | Y7: 8
C8: OK | G8: Se respetan los estándares globales en cuanto a marcaje y uso en Pasillos | X8: 2 | Y8: 8
C9: OK | G9: Se respetan los estándares globales en cuanto a marcaje y uso en Zonas de trabajo, entrada y salida de materiales | X9: 3 | Y9: 8
C10: OK | G10: Se respetan los estándares globales en cuanto a marcaje y uso en Residuos, zonas de riesgo permanente y de paso no permitido | X10: 4 | Y10: 7
C11: OK | G11: Esta construido según el estandar corporativo el Panel PDCA | N11: El estandar está por definir | X11: 5 | Y11: 7
C12: OK | G12: Esta construido según el estandar corporativo elPanel Lay Out Global | X12: 6 | Y12: 7
C13: OK | G13: Otros (Indicar cuál) | X13: 7 | Y13: 7
C14: OK | X14: 8 | Y14: 6
A15: 4.2 | B15: RESPETAR ESTANDARES | C15: OK | G15: Las ubicaciones en el suelo son respetadas, todo está ubicado en su lugar correspondiente | X15: 9 | Y15: 6
C16: OK | G16: Las ubicaciones de las herramientas en los paneles y cajas (incluso en el interior) son respetadas, no se encuentran herramientas fuera de ubicación | X16: 10 | Y16: 6
C17: NOK | G17: Se aplican los estándares creados en una zona o departamento en el resto de zonas (copiar-pegar). No hay diferentes estándares para la misma función (diferentes códigos de colores, formatos, señalización, etc) | N17: No se ve el cartel de identificación del área. | Q17: Cambiar de ubicación. | X17: 11 | Y17: 6
C18: OK | G18: La documentación se encuentra organizada y clasificada de forma que facilita su localización | N18: En un primer nivel si | Q18: Se recomienda seguir con la mejora | X18: 12 | Y18: 5
C19: OK | G19: Otros (Indicar cuál) | X19: 13 | Y19: 5
A20: 4.3 | B20: INSPECCIÓN Y MANTENIMIENTO | C20: NOK | G20: Existen planes de inspección para máquinas y equipos de trabajo que requieran mantenimiento periódico? | N20: No se tiene evidencias de esto. | X20: 14 | Y20: 5
C21: NOK | G21: Podemos reconcocer visaulmente si las máquinas y equipos han pasado la inspección periodica correspondiente de forma favorable. (con etiquetas de colores o sistemas análogos) | N21: La s maquinas no tienen información del plan de mantenimiento. | Q21: Elavorar estandar . | X21: 15 | Y21: 4
C22: NOK | G22: Se aplica un sistema con código de colores para la indicación visual del estado de revisión en los equipos y accesorios de elevación? | N22: No se tiene evidencias de esto. | X22: 16 | Y22: 4
C23: OK | G23: Otros (Indicar cuál) | X23: 17 | Y23: 4
A24: 4.4 | B24: INSTRUCCIONES VISUALES | C24: OK | G24: Existen instrucciones gráficas en puntos visibles del área de trabajo sobre estándares de uso común (check list,fichas o planes de izado, diagramas de flujo, secuencias de proceso, instrucciones punto a punto,…) | N24: Hay algunos pero se recomienda seguir | X24: 18 | Y24: 3
C25: OK | G25: Los productos químicos están correctamente identificados, contenido, peligrosidad, riesgos para la salud,…y acompañados de su ficha de datos de seguridad | N25: Mirar aceite????? | X25: 19 | Y25: 3
C26: OK | G26: Las señalizaciones de peligro e instrucciones de las máquinas y equipos se conservan de forma que sigan siendo útiles al usuario del equipo | X26: 20 | Y26: 3
C27: NOK | G27: Se dispone de instrucciones visuales de cómo actuar en caso de emergencia (incendio, evacuación, derrame, accidente, etc.) | N27: No se realizan simulacros de evacuación ni existe en las areas señalizaciones de salida a utilizar | Q27: Dotar en el area estandar de evacuación y determinar aplicación o no de simulacro de evacuación. | X27: 21 | Y27: 2
C28: OK | G28: Otros (Indicar cuál) | X28: 22 | Y28: 2
A29: 4.5 | B29: INDICADORES VISUALES | C29: OK | G29: Existe un panel o documento en lugar visible para el seguimiento de la producción (previsto/real, hitos, o similar) | X29: 23 | Y29: 2
C30: OK | G30: Se realiza un seguimiento visual de acciones correctivas, preventivas y de mejora continua (gráfico acciones pdca, incidencias de calidad, etc..) | N30: Se realizan reuniones diarias para seguimiento. No la hemos visto. | Q30: Se recomienda unificar el plan de acción de 5S con el de producción diario. | X30: 24 | Y30: 1
C31: OK | G31: Se mantienen actualizados todos los indicadores visuales existentes en la zona/proceso. Es una rutina constante la actualización y seguimiento | X31: 25 | Y31: 1
C32: OK | G32: Otros (Indicar cuál) | X32: 26 | Y32: 0
A35: A | B35: TOTAL NOK | C35: =COUNTIF(C7:C32,"NOK") -> 5 | D35: =COUNTIF(D7:D32,"NOK") -> 0 | E35: =COUNTIF(E7:E32,"NOK") -> 0 | F35: =COUNTIF(F7:F32,"NOK") -> 0 | H35: Mejora: Lectura de código de barras como sistema de fiabilización y trazabilidad de las ordenes de trabajo.
B36: PUNTUACIÓN | C36: =VLOOKUP(C35,$X$6:$Y$32,2,FALSE) -> 7 | D36: =VLOOKUP(D35,$X$6:$Y$32,2,FALSE) -> 9 | E36: =VLOOKUP(E35,$X$6:$Y$32,2,FALSE) -> 9 | F36: =VLOOKUP(F35,$X$6:$Y$32,2,FALSE) -> 9
A37: B | B37: MEJORAS | C37: 1
B39: Resultado % | C39: =(C36+(C37*0.25))*10 -> 72.5 | D39: =(D36+(D37*0.25))*10 -> 90 | E39: =(E36+(E37*0.25))*10 -> 90 | F39: =(F36+(F37*0.25))*10 -> 90

Sheet TIPO A 5ª
C2: OK | D2: CORRECTO
C3: NOK | D3: INCORRECTO
C5: TRIMESTRE | G5: SUB- APARTADO | L5: Referencia del hallazgo (anotar desviación) | Q5: Punto a Mejorar (anotar sugerencia)
A6: APARTADO | C6: T1 | D6: T2 | E6: T3 | F6: T4 | X6: 0 | Y6: 9
A7: 5.1 | B7: AUDITORÍAS | C7: NOK | G7: Se realizan auditorías semanales 5S | N7: Se da implantada la auditoría semanal que se debe de realizar en la proxima semana. | X7: 1 | Y7: 8
C8: OK | G8: Se transforman las anomalías en acciones correctivas o de mejora con el fin de que no se repitan | N8: Si en el taller. Se debe continuar con las auditorías. | X8: 2 | Y8: 7
C9: NOK | G9: Si están implantadas otras herramientas de inspección o comprobación, estas son utilizadas según el estándar | N9: No hay evidencias | X9: 3 | Y9: 7
G10: Otros (Indicar cuál) | X10: 4 | Y10: 6
A11: 5.2 | B11: GESTIÓN DE ANOMALÍAS | C11: OK | G11: Hay un sistema de declaración de anomalías implantado, entendiendo por "declaración de anomalías" hacerlas visibles, evitar que los problemas queden escondidos. | N11: Se entiende que el sistema de auditorías es este sistema. El hecho de acerlas continuará con la mejora. | X11: 5 | Y11: 6
C12: NOK | G12: Se encuentran evidencias de que el sistema de declaración de anomalías es eficaz, las anomalías se registran y se resuelven de forma efectiva, evitando que se repitan | N12: No se ha empezado con el sistema. | X12: 6 | Y12: 6
C13: OK | G13: Existen instrucciones visuales del funcionamiento del sistema de declaración de anomalías | N13: PDCA | X13: 7 | Y13: 5
G14: Otros (Indicar cuál) | X14: 8 | Y14: 5
A15: 5.3 | B15: ACCIÓN | C15: OK | G15: Se gestiona la mejora continua a través del panel PDCA visual de la zona | N15: Esta implantado se debe serguir. | X15: 9 | Y15: 4
C16: OK | G16: Las acciones de mejora se incluyen en el plan de acción y se realizan acciones semanalmente (mejora continua) | N16: Esta implantado se debe seguir | X16: 10 | Y16: 3
C17: OK | G17: Se lleva a cabo un seguimiento por medio de indicadores que miden la continuidad del ciclo PDCA. | N17: Esta implantado se debe seguir | X17: 11 | Y17: 2
G18: Otros (Indicar cuál) | X18: 12 | Y18: 1
A21: A | B21: TOTAL NOK | C21: =COUNTIF(C7:C18,"NOK") -> 3 | D21: =COUNTIF(D7:D18,"NOK") -> 0 | E21: =COUNTIF(E7:E18,"NOK") -> 0 | F21: =COUNTIF(F7:F18,"NOK") -> 0 | H21: Mejora:
B22: PUNTUACIÓN | C22: =VLOOKUP(C21,$X$6:$Y$32,2,FALSE) -> 7 | D22: =VLOOKUP(D21,$X$6:$Y$32,2,FALSE) -> 9 | E22: =VLOOKUP(E21,$X$6:$Y$32,2,FALSE) -> 9 | F22: =VLOOKUP(F21,$X$6:$Y$32,2,FALSE) -> 9
A23: B | B23: MEJORAS
B25: Resultado % | C25: =(C22+(C23*0.25))*10 -> 70 | D25: =(D22+(D23*0.25))*10 -> 90 | E25: =(E22+(E23*0.25))*10 -> 90 | F25: =(F22+(F23*0.25))*10 -> 90

Sheet TIPO A Diagrama Radar T1
A1: DATOS | H1: RADARES
A5: Datos de Evaluación TRIMESTRE 1 | M5: RESULTADO
B6: 1S | C6: 2S | D6: 3S | E6: 4S | F6: 5S | G6: Resultado | M6: =G7 -> 77
A7: AUDIT. T1 | B7: ='TIPO A 1ªS'!C39 -> 90 | C7: ='TIPO A 2ªS'!C33 -> 80 | D7: ='TIPO A 3ªS'!C38 -> 72.5 | E7: ='TIPO A 4ªS'!C39 -> 72.5 | F7: ='TIPO A 5ª'!C25 -> 70 | G7: =AVERAGE(B7:F7) -> 77
A8: Objetivo | B8: 90 | C8: 80 | D8: 70 | E8: 70 | F8: 70 | G8: =AVERAGE(B8:F8) -> 76
A9: Min | B9: 80 | C9: 60 | D9: 50 | E9: 50 | F9: 50 | G9: =AVERAGE(B9:F9) -> 58
A10: Max | B10: 100 | C10: 100 | D10: 100 | E10: 100 | F10: 100 | G10: 100
A15: Datos de Evaluación TRIMESTRE 2 | M15: RESULTADO
B16: 1S | C16: 2S | D16: 3S | E16: 4S | F16: 5S | G16: Resultado | M16: =G17 -> 90
A17: AUDIT. T2 | B17: ='TIPO A 1ªS'!D39 -> 90 | C17: ='TIPO A 2ªS'!D33 -> 90 | D17: ='TIPO A 3ªS'!D38 -> 90 | E17: ='TIPO A 4ªS'!D39 -> 90 | F17: ='TIPO A 5ª'!D25 -> 90 | G17: =AVERAGE(B17:F17) -> 90
A18: Objetivo | B18: 90 | C18: 80 | D18: 70 | E18: 70 | F18: 70 | G18: =AVERAGE(B18:F18) -> 76
A19: Min | B19: 80 | C19: 60 | D19: 50 | E19: 50 | F19: 50 | G19: =AVERAGE(B19:F19) -> 58
A20: Max | B20: 100 | C20: 100 | D20: 100 | E20: 100 | F20: 100 | G20: 100
A25: Datos de Evaluación TRIMESTRE 3 | M25: RESULTADO
B26: 1S | C26: 2S | D26: 3S | E26: 4S | F26: 5S | G26: Resultado | M26: =G27 -> 90
A27: AUDIT. T3 | B27: ='TIPO A 1ªS'!E39 -> 90 | C27: ='TIPO A 2ªS'!E33 -> 90 | D27: ='TIPO A 2ªS'!E33 -> 90 | E27: ='TIPO A 4ªS'!E39 -> 90 | F27: ='TIPO A 5ª'!E25 -> 90 | G27: =AVERAGE(B27:F27) -> 90
A28: Objetivo | B28: 90 | C28: 80 | D28: 70 | E28: 70 | F28: 70 | G28: =AVERAGE(B28:F28) -> 76
A29: Min | B29: 80 | C29: 60 | D29: 50 | E29: 50 | F29: 50 | G29: =AVERAGE(B29:F29) -> 58
A30: Max | B30: 100 | C30: 100 | D30: 100 | E30: 100 | F30: 100 | G30: 100
A35: Datos de Evaluación TRIMESTRE 4 | M35: RESULTADO
B36: 1S | C36: 2S | D36: 3S | E36: 4S | F36: 5S | G36: Resultado | M36: =G37 -> 90
A37: AUDIT. T4 | B37: ='TIPO A 1ªS'!F39 -> 90 | C37: ='TIPO A 2ªS'!F33 -> 90 | D37: ='TIPO A 3ªS'!F38 -> 90 | E37: ='TIPO A 4ªS'!F39 -> 90 | F37: ='TIPO A 5ª'!F25 -> 90 | G37: =AVERAGE(B37:F37) -> 90
A38: Objetivo | B38: 90 | C38: 80 | D38: 70 | E38: 70 | F38: 70 | G38: =AVERAGE(B38:F38) -> 76
A39: Min | B39: 80 | C39: 60 | D39: 50 | E39: 50 | F39: 50 | G39: =AVERAGE(B39:F39) -> 58
A40: Max | B40: 100 | C40: 100 | D40: 100 | E40: 100 | F40: 100 | G40: 100
A44: Tendencia | E44: Datos de Evaluación ANUAL | L44: RESULTADO
A45: Fecha | B45: Resultado | C45: Objetivo | F45: 1S | G45: 2S | H45: 3S | I45: 4S | J45: 5S | K45: Resultado | L45: =K46 -> 80.1
A46: T1 | B46: =G7 -> 77 | C46: =$G$8 -> 76 | E46: AUDIT. ANUAL | F46: =AVERAGE(B7:B28) -> 90 | G46: =AVERAGE(C7:C28) -> 82 | H46: =AVERAGE(D7:D28) -> 76.25 | I46: =AVERAGE(E7:E28) -> 76.25 | J46: =AVERAGE(F7:F28) -> 76 | K46: =AVERAGE(G7:G28) -> 80.1
A47: T2 | B47: =G17 -> 90 | C47: =$G$8 -> 76 | E47: Objetivo | F47: 90 | G47: 80 | H47: 70 | I47: 70 | J47: 70 | K47: =AVERAGE(F47:J47) -> 76
A48: T3 | B48: =G27 -> 90 | C48: =$G$8 -> 76 | E48: Min | F48: 80 | G48: 60 | H48: 50 | I48: 50 | J48: 50 | K48: =AVERAGE(F48:J48) -> 58
A49: T4 | B49: =G37 -> 90 | C49: =$G$8 -> 76 | E49: Max | F49: 100 | G49: 100 | H49: 100 | I49: 100 | J49: 100 | K49: 100
